,customerID,prediction
0,4226-KKDON,Yes
1,8838-GPHZP,Yes
2,0320-JDNQG,Yes
3,4837-PZTIC,No
4,7748-UMTRK,Yes
5,0823-HSCDJ,Yes
6,1085-LDWAM,No
7,2786-GCDPI,No
8,4001-TSBTV,Yes
9,5196-WPYOW,Yes
10,3508-CFVZL,Yes
11,2796-NNUFI,No
12,6925-BAYGL,No
13,8263-QMNTJ,Yes
14,9945-PSVIP,Yes
15,5666-CYCYZ,Yes
16,1820-TQVEV,Yes
17,9979-RGMZT,No
18,2800-QQUSO,Yes
19,2167-FQSTQ,Yes
20,9786-YWNHU,Yes
21,7255-SSFBC,No
22,7395-XWZOY,No
23,6786-OBWQR,Yes
24,4636-OLWOE,No
25,8028-PNXHQ,Yes
26,3662-FXJFO,No
27,2874-YXVVA,No
28,0048-LUMLS,No
29,0396-HUJBP,Yes
30,7359-WWYJV,No
31,7908-QCBCA,No
32,8792-AOROI,Yes
33,8740-XLHDR,No
34,6873-UDNLD,Yes
35,6645-MXQJT,No
36,7799-DSEWS,Yes
37,5568-DMXZS,No
38,7813-TKCVO,Yes
39,9067-SQTNS,Yes
40,9730-DRTMJ,Yes
41,8625-AZYZY,No
42,5976-JCJRH,Yes
43,7359-PTSXY,No
44,5214-NLTIT,No
45,5220-AGAAX,No
46,7508-SMHXL,No
47,8982-NHAVY,No
48,1468-DEFNC,Yes
49,1428-IEDPR,No
50,6429-SHBCB,No
51,3946-MHCZW,No
52,3813-DHBBB,Yes
53,7234-KMNRQ,Yes
54,3635-QQRQD,No
55,9626-WEQRM,No
56,5835-BEQEU,Yes
57,1374-DMZUI,No
58,7663-RGWBC,No
59,7825-ECJRF,Yes
60,7879-CGSFV,Yes
61,8626-XHBIE,Yes
62,7010-BRBUU,No
63,8513-OLYGY,Yes
64,6360-SVNWV,No
65,6586-MYGKD,Yes
66,7665-TOALD,Yes
67,4913-EHYUI,No
68,2408-WITXK,Yes
69,0306-JAELE,Yes
70,3966-HRMZA,Yes
71,2675-IJRGJ,Yes
72,0867-LDTTC,No
73,5651-WYIPH,Yes
74,0570-BFQHT,No
75,7861-UVUFT,No
76,7811-JIVPF,No
77,3810-DVDQQ,No
78,3808-HFKDE,No
79,4625-XMOYM,Yes
80,7854-FOKSF,Yes
81,4255-DDUOU,No
82,2085-BOJKI,Yes
83,6402-SSEJG,Yes
84,6849-OYAMU,No
85,9912-GVSEQ,Yes
86,5440-VHLUL,No
87,4644-PIZRT,No
88,0181-RITDD,Yes
89,9442-JTWDL,Yes
90,5327-CNLUQ,Yes
91,8884-FEEWR,No
92,2041-JIJCI,No
93,9489-DEDVP,No
94,0231-LXVAP,Yes
95,0895-DQHEW,No
96,0134-XWXCE,Yes
97,7473-ZBDSN,No
98,0052-DCKON,No
99,4893-GYUJU,Yes
100,6625-FLENO,No
101,9298-WGMRW,No
102,2599-CIPQE,Yes
103,3070-BDOQC,No
104,7663-YJHSN,No
105,2558-BUOZZ,Yes
106,8237-ULIXL,No
107,7878-JGDKK,Yes
108,8065-QBYTO,Yes
109,7641-EUYET,Yes
110,5937-EORGB,Yes
111,2770-NSVDG,Yes
112,4086-ATNFV,No
113,8593-WHYHV,No
114,5288-AHOUP,No
115,4487-ZYJZK,No
116,8746-BFOAJ,Yes
117,6701-DHKWQ,No
118,0730-KOAVE,Yes
119,9332-GYWLO,No
120,2568-BRGYX,Yes
121,4778-IZARL,Yes
122,5753-QQWPW,No
123,9500-WBGRP,No
124,2586-CWXVV,Yes
125,2074-GUHPQ,Yes
126,3374-LXDEV,Yes
127,7619-ODSGN,Yes
128,8290-YWKHZ,Yes
129,6556-DBKZF,Yes
130,4484-CGXFK,Yes
131,7306-YDSOI,No
132,2234-EOFPT,Yes
133,5908-QMGOE,Yes
134,3982-JGSFD,No
135,2858-EIMXH,No
136,7398-LXGYX,Yes
137,9732-OUYRN,Yes
138,6380-ARCEH,Yes
139,4124-MMETB,No
140,3658-KIBGF,Yes
141,6988-CJEYV,Yes
142,9314-IJWSQ,No
143,8690-ZVLCL,Yes
144,6598-KELSS,Yes
145,6394-HHHZM,No
146,8173-RXAYP,Yes
147,0137-OCGAB,No
148,4948-WBBKL,No
149,4903-UYAVB,No
150,3097-NQYSN,No
151,4067-HLYQI,Yes
152,4998-IKFSE,No
153,4774-HHGGS,No
154,8456-QDAVC,No
155,2034-GDRCN,No
156,6834-NXDCA,Yes
157,8149-AIQCG,Yes
158,1585-MQSSU,No
159,5228-EXCET,No
160,9965-YOKZB,Yes
161,2578-JQPHZ,No
162,7552-KEYGT,Yes
163,7089-XXAYG,No
164,1862-QRWPE,Yes
165,2996-XAUVF,No
166,9558-IHEZX,No
167,6599-RCLCJ,Yes
168,8661-BOYNW,No
169,1265-ZFOSD,Yes
170,7601-DHFWZ,Yes
171,7218-HKQFK,Yes
172,5206-HPJKM,Yes
173,4223-WOZCM,No
174,5312-IRCFR,Yes
175,8975-SKGRX,No
176,2749-CTKAJ,Yes
177,5160-UXJED,Yes
178,2460-NGXBJ,No
179,8980-WQFWL,No
180,8972-HJWNV,Yes
181,7845-URHJN,Yes
182,8882-TLVRW,No
183,0402-CQAJN,Yes
184,8835-VSDSE,Yes
185,8356-WUAOJ,No
186,4632-PAOYU,No
187,6681-ZSEXG,No
188,4293-ETKAP,Yes
189,0318-ZOPWS,No
190,6319-IEJWJ,No
191,6967-PEJLL,No
192,4718-WXBGI,Yes
193,4323-OHFOW,No
194,3198-VELRD,No
195,9412-GHEEC,No
196,6734-GMPVK,Yes
197,7037-MTYVW,Yes
198,7632-MNYOY,Yes
199,5278-PNYOX,Yes
200,7233-IOQNP,No
201,3308-DGHKL,Yes
202,5899-OUVKV,Yes
203,2150-UWTFY,Yes
204,4043-MKDTV,Yes
205,7647-GYYKX,Yes
206,1481-ZUWZA,Yes
207,5997-OPVFA,Yes
208,9050-IKDZA,Yes
209,6924-TDGMT,Yes
210,7856-GANIL,No
211,6771-XWBDM,No
212,5445-UTODQ,No
213,5013-SBUIH,Yes
214,0835-DUUIQ,No
215,6823-SIDFQ,No
216,3537-HPKQT,Yes
217,6141-OOXUQ,Yes
218,2821-WARNZ,No
219,4950-HKQTE,Yes
220,6860-YRJZP,Yes
221,3062-ICYZQ,Yes
222,7156-MHUGY,No
223,7801-KICAO,Yes
224,5893-KCLGT,Yes
225,5120-ZBLAI,Yes
226,5519-TEEUH,No
227,2188-SXWVT,No
228,0866-QLSIR,Yes
229,0422-OHQHQ,No
230,5751-USDBL,Yes
231,2144-BFDSO,Yes
232,3799-ISUZQ,Yes
233,9782-LGXMC,No
234,7516-GMHUV,No
235,0516-QREYC,Yes
236,5536-RTPWK,Yes
237,7893-IXHRQ,No
238,1574-DYCWE,No
239,6465-GSRCL,No
240,2805-EDJPQ,No
241,7994-UYIVZ,No
242,2000-DHJUY,Yes
243,6000-APYLU,No
244,3167-SNQPL,No
245,7252-NTGSS,Yes
246,7018-FPXHH,No
247,4782-OSFXZ,No
248,1194-HVAIF,Yes
249,8679-LZBMD,Yes
250,4495-LHSSK,Yes
251,8713-IGZSO,No
252,7399-QHBJS,No
253,0565-IYCGT,No
254,9565-DJPIB,No
255,4713-LZDRV,No
256,9825-YCXWZ,Yes
257,5174-RNGBH,No
258,5122-CYFXA,Yes
259,9239-ZBZZV,Yes
260,2300-RQGOI,Yes
261,6549-NNDYT,No
262,5727-MYATE,No
263,3794-NFNCH,No
264,8659-HDIYE,No
265,4939-KYYPY,Yes
266,5989-OMNJE,Yes
267,6234-PFPXL,No
268,6064-ZATLR,Yes
269,9094-AZPHK,Yes
270,4922-CVPDX,Yes
271,5480-HPRRX,No
272,2609-IAICY,No
273,9003-CPATH,No
274,5003-OKNNK,Yes
275,0089-IIQKO,No
276,8705-WZCYL,No
277,0322-YINQP,No
278,8869-TORSS,Yes
279,5345-BMKWB,Yes
280,8454-AATJP,No
281,1794-SWWKL,No
282,2604-XVDAM,No
283,3316-UWXUY,Yes
284,2794-XIMMO,Yes
285,5600-KTXFM,Yes
286,3847-BAERP,Yes
287,6711-FLDFB,Yes
288,3777-XROBG,Yes
289,6295-OSINB,Yes
290,2424-WVHPL,No
291,5018-GWURO,Yes
292,2840-XANRC,Yes
293,7089-IVVAZ,Yes
294,8268-YDIXR,No
295,2380-DAMQP,No
296,8070-AAWZP,Yes
297,5619-PTMIK,Yes
298,0637-YLETY,No
299,4987-GQWPO,No
300,8184-WMOFI,Yes
301,4641-FROLU,No
302,1814-DKOLC,No
303,0895-UADGO,No
304,8859-DZTGQ,Yes
305,3836-FZSDJ,Yes
306,2251-PYLPB,No
307,9932-WBWIK,Yes
308,9481-WHGWY,No
309,3855-ONCAR,No
310,6772-KSATR,Yes
311,5222-JCXZT,No
312,1080-BWSYE,Yes
313,1251-STYSZ,Yes
314,9685-WKZGT,Yes
315,9659-ZTWSM,No
316,7839-QRKXN,No
317,3173-NVMPX,Yes
318,2856-NNASM,No
319,3733-UOCWF,Yes
320,5553-AOINX,Yes
321,9919-FZDED,Yes
322,0123-CRBRT,Yes
323,4671-LXRDQ,No
324,7312-XSBAT,Yes
325,9419-IPPBE,Yes
326,1360-XFJMR,Yes
327,5129-JLPIS,No
328,0550-DCXLH,No
329,0675-NCDYU,No
330,3472-OAOOR,No
331,7892-POOKP,No
332,3195-TQDZX,Yes
333,5626-MGTUK,Yes
334,9518-RWHZL,Yes
335,5849-ASHZJ,Yes
336,1343-EHPYB,Yes
337,0983-TATYJ,Yes
338,7503-MIOGA,No
339,5025-GOOKI,Yes
340,8630-QSGXK,Yes
341,8705-DWKTI,No
342,5449-FIBXJ,No
343,8069-RHUXK,Yes
344,0106-UGRDO,No
345,0420-TXVSG,No
346,0727-IWKVK,Yes
347,7603-USHJS,Yes
348,5356-RHIPP,Yes
349,2905-KFQUV,No
350,5012-YSPJJ,No
351,9178-JHUVJ,No
352,3392-EHMNK,No
353,3410-MHHUM,Yes
354,8901-HJXTF,Yes
355,5914-DVBWJ,No
356,6963-KQYQB,No
357,2181-UAESM,Yes
358,2446-BEGGB,Yes
359,0244-LGNFY,No
360,0311-UNPFF,Yes
361,2275-RBYQS,No
362,3096-YXENJ,Yes
363,5016-IBERQ,Yes
364,3744-ZBHON,No
365,0531-XBKMM,No
366,4583-PARNH,No
367,8065-BVEPF,Yes
368,6776-TLWOI,Yes
369,0795-LAFGP,Yes
370,6480-YAGIY,No
371,3692-JHONH,Yes
372,9931-DCEZH,No
373,5628-FCGYG,Yes
374,6007-TCTST,No
375,1228-FZFRV,Yes
376,6993-OHLXR,Yes
377,3890-RTCMS,Yes
378,6746-WAUWT,Yes
379,4905-JEFDW,No
380,9705-IOVQQ,Yes
381,9891-NQDBD,Yes
382,7658-UYUQS,No
383,0114-PEGZZ,No
384,3415-TAILE,No
385,0260-ZDLGK,Yes
386,5968-HYJRZ,Yes
387,3211-ILJTT,Yes
388,0795-XCCTE,No
389,8932-CZHRQ,No
390,4791-QRGMF,Yes
391,6188-UXBBR,No
392,2325-WINES,No
393,8097-VBQTZ,No
394,9391-EOYLI,Yes
395,7274-CGTOD,Yes
396,5709-LVOEQ,No
397,1976-CFOCS,Yes
398,3675-YDUPJ,No
399,1471-GIQKQ,Yes
400,4443-EMBNA,Yes
401,7595-EUIVN,Yes
402,2054-PJOCK,Yes
403,8540-ZQGEA,No
404,6818-DJXAA,No
405,0909-SELIE,Yes
406,1676-MQAOA,Yes
407,4871-JTKJF,Yes
408,4006-HKYHO,No
409,5338-YHWYT,Yes
410,9091-WTUUY,Yes
411,8207-VVMYB,Yes
412,0488-GSLFR,No
413,8215-NGSPE,No
414,6158-HDPXZ,Yes
415,8849-AYPTR,Yes
416,3727-OWVYD,Yes
417,7109-CQYUZ,Yes
418,2712-SYWAY,Yes
419,0956-SYCWG,Yes
420,9350-ZXYJC,No
421,7173-TETGO,Yes
422,1177-XZBJL,Yes
423,6240-EURKS,Yes
424,5006-MXVRN,Yes
425,7566-DSRLQ,No
426,7295-JOMMD,Yes
427,3397-AVTKU,No
428,4636-TVXVG,Yes
429,0993-OSGPT,No
430,9592-ERDKV,No
431,8082-GHXOP,No
432,2480-EJWYP,Yes
433,8065-YKXKD,No
434,8174-TBVCF,No
435,6402-EJMWF,Yes
436,3719-TDVQB,Yes
437,0596-BQCEQ,Yes
438,5136-RGMZO,No
439,9286-BHDQG,No
440,2692-BUCFV,No
441,5605-IYGFG,No
442,8868-GAGIO,Yes
443,0673-IGUQO,Yes
444,9921-ZVRHG,Yes
445,5329-KRDTM,Yes
446,4824-GUCBY,No
447,5445-PZWGX,No
448,9572-MTILT,No
449,2082-CEFLT,No
450,8022-BECSI,Yes
451,9972-EWRJS,Yes
452,4374-YMUSQ,Yes
453,8071-SBTRN,Yes
454,2810-FTLEM,Yes
455,0701-RFGFI,Yes
456,8818-XYFCQ,Yes
457,8966-SNIZF,No
458,6242-FEGFD,Yes
459,0122-OAHPZ,No
460,6425-YQLLO,Yes
461,4063-EIKNQ,Yes
462,5693-PIPCS,No
463,4550-VBOFE,Yes
464,6199-IWKGC,Yes
465,8042-RNLKO,No
466,5965-GGPRW,No
467,0637-KVDLV,Yes
468,3340-QBBFM,Yes
469,7812-FZHPE,No
470,3160-TYXLT,No
471,6198-RTPMF,Yes
472,8345-MVDYC,No
473,9223-UCPVT,No
474,5240-IJOQT,No
475,5046-NUHWD,Yes
476,5883-GTGVD,Yes
477,8985-OOPOS,Yes
478,0020-JDNXP,Yes
479,6557-BZXLQ,Yes
480,4512-ZUIYL,Yes
481,1834-ABKHQ,No
482,3714-NTNFO,Yes
483,5804-HYIEZ,Yes
484,7134-HBPBS,No
485,1088-AUUZZ,No
486,0853-NWIFK,Yes
487,7410-KTVFV,No
488,5336-UFNZP,Yes
489,9644-UMGQA,Yes
490,2250-IVBWA,Yes
491,8597-CTXVJ,No
492,7690-KPNCU,Yes
493,2806-MLNTI,Yes
494,0013-EXCHZ,Yes
495,2207-RYYRL,Yes
496,0334-GDDSO,No
497,3525-DVKFN,No
498,1352-VHKAJ,No
499,5886-VLQVU,No
500,0074-HDKDG,Yes
501,6048-NJXHX,No
502,1697-NVVGY,Yes
503,6253-WRFHY,No
504,9845-PEEKO,Yes
505,1227-UDMZR,Yes
506,1866-ZSLJM,No
507,2302-OUZXB,Yes
508,5494-WOZRZ,Yes
509,0310-MVLET,No
510,2955-PSXOE,No
511,0929-PECLO,Yes
512,1217-VASWC,No
513,7841-TZDMQ,No
514,1423-BMPBQ,Yes
515,8566-YPRGL,No
516,2097-YVPKN,Yes
517,9420-LOJKX,No
518,7113-HIPFI,Yes
519,0816-TSPHQ,No
520,4902-OHLSK,Yes
521,0999-QXNSA,Yes
522,6646-JPPHA,Yes
523,4559-UWIHT,No
524,3258-SYSWS,No
525,5955-ERIHD,Yes
526,2985-FMWYF,Yes
527,6086-ESGRL,Yes
528,6298-QDFNH,No
529,4541-RMRLG,No
530,0547-HURJB,No
531,7471-WNSUF,No
532,1936-CZAKF,No
533,3585-ISXZP,Yes
534,1534-OULXE,No
535,8601-QACRS,Yes
536,4003-FUSHP,No
537,5093-FEGLU,No
538,5760-FXFVO,Yes
539,4877-TSOFF,No
540,8097-OMULG,Yes
541,9139-TWBAS,No
542,5155-AZQPB,No
543,3801-HMYNL,Yes
544,7666-WKRON,No
545,9279-CJEOJ,Yes
546,1866-DIOQZ,Yes
547,5286-YHCVC,No
548,9746-UGFAC,No
549,1853-UDXBW,No
550,8543-MSDMF,Yes
551,7813-ZGGAW,Yes
552,1686-STUHN,Yes
553,3143-ILDAL,No
554,4983-CLMLV,Yes
555,8620-RJPZN,Yes
556,7534-BFESC,No
557,1709-EJDOX,Yes
558,7665-NKLAV,No
559,5057-LCOUI,No
560,6374-NTQLP,No
561,4137-BTIKL,No
562,8421-WZOOW,Yes
563,9209-NWPGU,Yes
564,0277-ORXQS,No
565,8401-EMUWF,Yes
566,9475-NNDGC,Yes
567,3523-QRQLL,No
568,3272-VUHPV,No
569,4312-GVYNH,No
570,2637-FKFSY,Yes
571,4083-BFNYK,No
572,2720-FVBQP,Yes
573,0259-GBZSH,No
574,3253-HKOKL,No
575,6906-MPARY,Yes
576,1379-FRVEB,No
577,8023-QHAIO,No
578,1241-FPMOF,No
579,5913-INRQV,Yes
580,7508-MYBOG,No
581,9339-FIIJL,No
582,0068-FIGTF,Yes
583,9169-BSVIN,No
584,1415-YFWLT,No
585,2482-CZGBB,Yes
586,1297-VQDRP,No
587,7978-DKUQH,Yes
588,9944-AEXBM,No
589,0404-SWRVG,Yes
590,6227-HWPWX,No
591,5567-GZKQY,Yes
592,9054-FOWNV,No
593,0682-USIXD,Yes
594,7246-ZGQDF,No
595,9451-WLYRI,Yes
596,3703-KBKZP,No
597,0295-QVKPB,No
598,8908-NMQTX,Yes
599,3577-AMVUX,No
600,8696-JKZNU,No
601,8957-THMOA,Yes
602,2800-VEQXM,No
603,0667-NSRGI,No
604,1934-SJVJK,Yes
605,2480-SQIOB,Yes
606,9906-NHHVC,Yes
607,5909-ECHUI,No
608,0524-IAVZO,Yes
609,8623-TMRBY,No
610,4897-QSUYC,No
611,2511-ALLCS,Yes
612,7508-KBIMB,Yes
613,4130-MZLCC,Yes
614,2057-BOYKM,Yes
615,3831-YCPUO,Yes
616,9866-QEVEE,No
617,4194-FJARJ,Yes
618,9028-LIHRP,Yes
619,4623-ZKHLY,No
620,5195-KPUNQ,No
621,6286-SUUWT,No
622,6591-QGOYB,No
623,1839-UMACK,Yes
624,1047-RNXZV,No
625,9150-HEPMB,No
626,0471-ARVMX,No
627,5954-BDFSG,No
628,9172-ANCRX,No
629,5542-DHSXL,No
630,3842-IYKUE,No
631,1740-CSDJP,No
632,7078-NVFAM,Yes
633,8200-LGKSR,No
634,7493-TPUWZ,Yes
635,0112-QAWRZ,Yes
636,8988-ECPJR,Yes
637,6131-JLWZM,Yes
638,9025-AOMKI,Yes
639,7881-INRLC,No
640,2978-XXSOG,No
641,2969-WGHQO,No
642,9391-LMANN,No
643,1918-ZBFQJ,Yes
644,5087-SUURX,No
645,0733-VUNUW,No
646,2233-FAGXV,No
647,9626-VFRGG,Yes
648,5914-XRFQB,Yes
649,1580-BMCMR,Yes
650,4833-QTJNO,No
651,5276-KQWHG,No
652,1703-MGIAB,No
653,2937-FTHUR,No
654,7225-CBZPL,Yes
655,9705-ZJBCG,No
656,2139-FQHLM,No
657,1265-XTECC,Yes
658,1998-VHJHK,Yes
659,7706-DZNKK,Yes
660,4016-BJKTZ,No
661,6582-OIVSP,Yes
662,3665-JATSN,No
663,0366-NQSHS,No
664,7929-SKFGK,No
665,2725-TTRIQ,No
666,0125-LZQXK,Yes
667,9711-FJTBX,Yes
668,0687-ZVTHB,No
669,7107-UBYKY,Yes
670,8393-JMVMB,No
671,9146-JRIOX,Yes
672,8819-IMISP,Yes
673,6704-UTUKK,Yes
674,1945-XISKS,Yes
675,0559-CKHUS,No
676,7816-VGHTO,No
677,8079-XRJRS,Yes
678,5655-JSMZM,No
679,8063-GBATB,No
680,4585-HETAI,No
681,0186-CAERR,Yes
682,0877-SDMBN,No
683,5366-OBVMR,Yes
684,2235-EZAIK,No
685,7161-DFHUF,Yes
686,7688-AWMDX,No
687,8286-AFUYI,No
688,9919-KNPOO,Yes
689,3724-BSCVH,No
690,8634-MPHTR,No
691,1895-QTKDO,Yes
692,4550-EVXNY,Yes
693,8043-PNYSD,Yes
694,0178-SZBHO,No
695,0440-EKDCF,Yes
696,9389-ACWBI,Yes
697,5294-IMHHT,No
698,9777-IQHWP,No
699,3655-SNQYZ,Yes
700,9065-ZCPQX,Yes
701,5027-YOCXN,Yes
702,9137-UIYPG,No
703,7140-ADSMJ,Yes
704,0696-UKTOX,No
705,1024-GUALD,No
706,1173-XZPYF,No
707,6260-ONULR,No
708,8464-EETCQ,No
709,8587-XYZSF,Yes
710,9591-YVTEB,Yes
711,3916-NRPAP,No
712,5915-DGNVC,No
713,5175-AOBHI,No
714,3190-XFANI,No
715,1545-ACTAS,Yes
716,3766-EJLFL,Yes
717,4662-EKDPQ,No
718,5529-GIBVH,Yes
719,5442-PPTJY,No
720,6319-QSUSR,No
721,9929-PLVPA,No
722,8087-LGYHQ,Yes
723,8510-BBWMU,No
724,4873-ILOLJ,Yes
725,0691-IFBQW,Yes
726,3679-XASPY,No
727,8443-ZRDBZ,Yes
728,6502-HCJTI,No
729,1371-WEPDS,Yes
730,8720-RQSBJ,No
731,6870-ECSHE,No
732,2138-VFAPZ,Yes
733,7074-IEVOJ,Yes
734,5872-OEQNH,Yes
735,2107-FBPTK,Yes
736,0685-MLYYM,No
737,9128-CPXKI,No
738,5536-SLHPM,Yes
739,8092-NLTGF,No
740,6894-LFHLY,Yes
741,0225-ZORZP,Yes
742,2911-WDXMV,No
743,9847-HNVGP,Yes
744,3669-OYSJI,No
745,3244-DCJWY,Yes
746,9526-JAWYF,Yes
747,6650-VJONK,Yes
748,2560-QTSBS,No
749,6369-MCAKO,No
750,8966-OIQHG,Yes
751,2070-FNEXE,Yes
752,2065-MMKGR,No
753,9239-GZHZE,No
754,7239-HZZCX,Yes
755,9967-ATRFS,No
756,9576-SYUHJ,Yes
757,7319-VENRZ,Yes
758,4361-JEIVL,No
759,4879-GZLFH,No
760,8799-OXZMD,Yes
761,7779-ORAEL,Yes
762,3910-MRQOY,Yes
763,1213-NGCUN,Yes
764,7929-DMBCV,Yes
765,3908-BLSYF,No
766,1271-UODNO,Yes
767,7294-TMAOP,No
768,1260-TTRXI,Yes
769,1271-SJBGZ,Yes
770,5414-OFQCB,No
771,9637-EIHEQ,Yes
772,1104-TNLZA,Yes
773,6567-HOOPW,No
774,6691-CCIHA,No
775,1453-RZFON,Yes
776,9880-TDQAC,No
777,8544-JNBOX,No
778,3970-XGJDU,No
779,1028-FFNJK,No
780,9609-BENEA,No
781,3096-IZETN,No
782,2342-CKIAO,Yes
783,2843-CQMEG,Yes
784,3978-YNKDD,Yes
785,6572-ADKRS,Yes
786,7048-GXDAY,Yes
787,0334-ZFJSR,Yes
788,7872-BAAZR,No
789,3938-YFPXD,Yes
790,4554-YGZIH,Yes
791,4990-ALDGW,No
792,6732-VAILE,Yes
793,3011-WQKSZ,Yes
794,0428-IKYCP,No
795,5186-SAMNZ,No
796,2969-VAPYH,No
797,9647-ERGBE,Yes
798,4083-EUGRJ,Yes
799,7083-MIOPC,No
800,6284-KMNUF,No
801,4106-HADHQ,Yes
802,4187-CINZD,No
803,3154-CFSZG,No
804,3995-WFCSM,Yes
805,1561-BWHIN,Yes
806,8902-ZEOVF,Yes
807,9944-HKVVB,Yes
808,8414-MYSHR,Yes
809,5438-QMDDL,Yes
810,1809-DMJHQ,No
811,1960-UOTYM,No
812,9282-IZGQK,Yes
813,6745-JEFZB,No
814,0357-NVCRI,No
815,7354-OIJLX,No
816,5439-WIKXB,No
817,4465-VDKIQ,No
818,8012-SOUDQ,Yes
819,3923-CSIHK,Yes
820,9584-EXCDZ,No
821,2669-OIDSD,Yes
822,3633-CDBUW,No
823,2320-SLKMB,No
824,4854-SSLTN,No
825,8374-UULRV,Yes
826,8651-ENBZX,Yes
827,3214-IYUUQ,Yes
828,3208-YPIOE,No
829,6910-HADCM,No
830,2834-JRTUA,No
831,6569-KTMDU,Yes
832,6956-SMUCM,Yes
833,2962-XPMCQ,Yes
834,7216-KAOID,Yes
835,4568-KNYWR,Yes
836,0691-NIKRI,Yes
837,4962-CHQPW,Yes
838,1925-TIBLE,Yes
839,7956-XQWGU,Yes
840,6100-QQHEB,Yes
841,8931-GJJIQ,No
842,4189-NAKJS,Yes
843,7605-BDWDC,Yes
844,9251-WNSOD,No
845,2279-AXJJK,No
846,9547-ITEFG,No
847,0508-OOLTO,No
848,2379-ENZGV,Yes
849,2465-BLLEU,Yes
850,8510-TMWYB,Yes
851,8111-SLLHI,Yes
852,7868-BGSZA,No
853,6152-ONASV,No
854,1231-YNDEK,No
855,3249-ZPQRG,No
856,6092-QZVPP,Yes
857,8922-LIEGH,No
858,7734-DBOAI,Yes
859,2722-VOJQL,Yes
860,4304-XUMGI,Yes
861,2651-ZCBXV,Yes
862,8621-MNIHH,No
863,9435-JMLSX,No
864,0511-JTEOY,Yes
865,1304-BCCFO,Yes
866,2507-QZPQS,Yes
867,0221-WMXNQ,Yes
868,0778-NELLA,Yes
869,0665-XHDJU,No
870,7696-CFTAT,Yes
871,0318-QUUOB,Yes
872,9700-ISPUP,No
873,1166-PQLGG,Yes
874,2581-VKIRT,No
875,9342-VNIMQ,Yes
876,4800-VHZKI,Yes
877,3887-PBQAO,No
878,4813-HQMGZ,No
879,9885-AIBVB,No
880,5804-JMYIO,No
881,3423-HHXAO,Yes
882,6586-PSJOX,No
883,1241-EZFMJ,Yes
884,4104-PVRPS,No
885,7564-GHCVB,Yes
886,5566-SOEZD,Yes
887,6131-IUNXN,Yes
888,8896-RAZCR,No
889,8468-EHYJA,Yes
890,1725-MIMXW,Yes
891,0970-ETWGE,Yes
892,5027-XWQHA,Yes
893,5348-CAGXB,No
894,7997-EASSD,No
895,6815-ABQFQ,No
896,9526-BIHHD,Yes
897,2961-VNFKL,No
898,3729-OWRVL,No
899,6972-SNKKW,No
900,3026-ATZYV,No
901,7771-ZONAT,No
902,0230-WEQUW,No
903,1696-MZVAU,Yes
904,0330-IVZHA,No
905,1396-QWFBJ,Yes
906,5730-DBDSI,Yes
907,5433-KYGHE,Yes
908,1407-DIGZV,No
909,9055-MOJJJ,No
910,4139-DETXS,No
911,6543-JXSOO,Yes
912,2592-YKDIF,Yes
913,0036-IHMOT,No
914,6504-VBLFL,Yes
915,9715-WZCLW,No
916,7105-MXJLL,No
917,4291-HPAXL,Yes
918,7109-MFBYV,No
919,6784-XYJAE,Yes
920,9692-TUSXH,Yes
921,1661-CZBAU,Yes
922,9554-DFKIC,Yes
923,2379-GYFLQ,No
924,7587-RZNME,No
925,9708-KFDBY,Yes
926,1663-MHLHE,Yes
927,8095-WANWK,No
928,1784-BXEFA,No
929,0428-AXXLJ,No
930,4135-FRWKJ,No
931,7459-IMVYU,Yes
932,1842-EZJMK,Yes
933,8165-ZJRNM,No
934,5871-DGTXZ,No
935,9912-OMZDS,Yes
936,5138-WVKYJ,Yes
937,5260-UMPWX,No
938,4697-LUPSU,No
939,9795-VOWON,No
940,9541-PWTWO,Yes
941,9364-YKUVW,Yes
942,1682-VCOIO,Yes
943,0319-QZTCO,No
944,0032-PGELS,No
945,5153-RTHKF,Yes
946,5505-OVWQW,Yes
947,1078-TDCRN,Yes
948,0208-BPQEJ,No
949,1571-SAVHK,Yes
950,6366-XIVKZ,No
951,6516-NKQBO,Yes
952,8329-IBCTI,No
953,9227-UAQFT,No
954,3404-JNXAX,No
955,0536-BGFMZ,Yes
956,6919-ELBGL,No
957,6993-YGFJV,No
958,6559-RAKOZ,No
959,7776-QGYJC,No
960,4238-HFHSN,Yes
961,0323-XWWTN,Yes
962,7353-YOWFP,Yes
963,0616-ATFGB,Yes
964,1410-RSCMR,Yes
965,2004-OCQXK,Yes
966,0374-FIUCA,Yes
967,2542-HYGIQ,Yes
968,5174-ITUMV,Yes
969,6993-YCOBK,No
970,0603-TPMIB,Yes
971,9787-XVQIU,No
972,8591-NXRCV,Yes
973,1731-TVIUK,No
974,5975-BAICR,No
975,4955-VCWBI,No
976,5884-FBCTL,No
977,9388-ZEYVT,No
978,5707-ORNDZ,No
979,6258-PVZWJ,No
980,6265-FRMTQ,Yes
981,1752-OZXFY,Yes
982,8739-QOTTN,No
983,3230-WYKIR,No
984,8976-OQHGT,Yes
985,9658-WYUFB,No
986,9220-CXRSC,No
987,3957-HHLMR,Yes
988,8375-DKEBR,Yes
989,4373-MAVJG,Yes
990,1069-XAIEM,Yes
991,0377-JBKKT,No
992,0930-EHUZA,No
993,7593-JNWRU,Yes
994,4376-KFVRS,Yes
995,1323-OOEPC,Yes
996,3402-XRIUO,No
997,1769-GRUIK,No
998,8329-GWVPJ,Yes
999,4210-QFJMF,Yes
1000,6969-MVBAI,Yes
1001,1159-WFSGR,Yes
1002,0975-VOOVL,Yes
1003,2309-OSFEU,Yes
1004,5183-KLYEM,Yes
1005,1776-SPBWV,No
1006,4486-EFAEB,Yes
1007,7326-RIGQZ,No
1008,6418-HNFED,No
1009,2058-DCJBE,Yes
1010,9555-SAHUZ,No
1011,0628-CNQRM,Yes
1012,6960-HVYXR,Yes
1013,8292-FRFZQ,No
1014,6047-SUHPR,Yes
1015,0568-ONFPC,Yes
1016,7599-NTMDP,No
1017,3712-PKXZA,No
1018,6519-ZHPXP,No
1019,7649-SIJJF,No
1020,8584-KMVXD,No
1021,7077-XJMET,Yes
1022,3521-HTQTV,Yes
1023,9643-YBLUR,Yes
1024,5296-PSYVW,No
1025,4929-XIHVW,Yes
1026,0343-QLUZP,No
1027,9624-EGDEQ,No
1028,5747-PMBSQ,No
1029,4184-VODJZ,No
1030,1319-YLZJG,No
1031,3445-HXXGF,No
1032,7356-IWLFW,No
1033,1696-HXOWK,No
1034,2074-GKOWZ,No
1035,3069-SSVSN,No
1036,8325-QRPZR,No
1037,8319-QBEHW,No
1038,2180-DXNEG,Yes
1039,4318-RAJVY,Yes
1040,7950-XWOVN,No
1041,5136-KCKGI,No
1042,8894-JVDCV,No
1043,9924-JPRMC,Yes
1044,5296-BFCYD,Yes
1045,0784-ZQJZX,Yes
1046,5898-IGSLP,Yes
1047,5274-XHAKY,No
1048,1000-AJSLD,No
1049,8547-NSBBO,No
1050,9776-OJUZI,No
1051,1142-WACZW,Yes
1052,3976-NLDEZ,No
1053,6959-UWKHF,No
1054,8465-SBRXP,No
1055,6619-RPLQZ,No
1056,9505-SQFSW,Yes
1057,1591-MQJTP,Yes
1058,6905-NIQIN,Yes
1059,3308-JSGML,Yes
1060,3132-TVFDZ,No
1061,5896-NPFWW,No
1062,2344-JMOGN,No
1063,5108-ADXWO,Yes
1064,3318-NMQXL,Yes
1065,9878-TNQGW,No
1066,4646-QZXTF,No
1067,1965-DDBWU,No
1068,5339-PXDVH,Yes
1069,8640-SDGKB,Yes
1070,4049-ZPALD,No
1071,9714-EDSUC,No
1072,6308-CQRBU,Yes
1073,0004-TLHLJ,Yes
1074,5919-TMRGD,Yes
1075,0947-IDHRQ,Yes
1076,7379-POKDZ,No
1077,5201-CBWYG,Yes
1078,2636-ALXXZ,Yes
1079,8637-XJIVR,Yes
1080,3181-MIZBN,Yes
1081,3315-TOTBP,Yes
1082,1729-VLAZJ,Yes
1083,5298-GSTLM,Yes
1084,6637-KYRCV,Yes
1085,8510-AWCXC,No
1086,1897-RCFUM,Yes
1087,4201-JMNGR,No
1088,4116-TZAQJ,Yes
1089,7963-GQRMY,No
1090,0229-LFJAF,Yes
1091,2410-CIYFZ,Yes
1092,2516-VQRRV,Yes
1093,2428-HYUNX,Yes
1094,4134-BSXLX,Yes
1095,5231-FIQPA,No
1096,1074-WVEVG,Yes
1097,8606-OEGQZ,Yes
1098,0885-HMGPY,Yes
1099,8185-UPYBR,No
1100,3518-FSTWG,No
1101,1728-BQDMA,Yes
1102,8404-VLQFB,No
1103,7820-ZYGNY,Yes
1104,4324-BZCKL,Yes
1105,4524-QCSSM,No
1106,1301-LOPVR,Yes
1107,4872-VXRIL,Yes
1108,1140-UKVZG,Yes
1109,0942-KOWSM,No
1110,9026-LHEVG,No
1111,3086-RUCRN,No
1112,5376-DEQCP,Yes
1113,3262-EIDHV,Yes
1114,7181-BQYBV,No
1115,1173-NOEYG,Yes
1116,9067-YGSCA,No
1117,0567-XRHCU,Yes
1118,9489-UTFKA,Yes
1119,9170-CCKOU,Yes
1120,5366-IJEQJ,No
1121,6513-EECDB,Yes
1122,2607-FBDFF,No
1123,3413-CSSTH,No
1124,7823-JSOAG,No
1125,0674-EYYZV,Yes
1126,8942-DBMHZ,Yes
1127,5266-PFRQK,No
1128,4092-OFQZS,Yes
1129,6177-PEVRA,No
1130,2195-VVRJF,Yes
1131,8623-ULFNQ,No
1132,6543-CPZMK,No
1133,2868-MZAGQ,Yes
1134,2927-QRRQV,Yes
1135,8317-BVKSO,Yes
1136,6230-BSUXY,Yes
1137,8950-MTZNV,No
1138,5803-NQJZO,No
1139,8400-WZICQ,Yes
1140,1591-XWLGB,No
1141,0378-TOVMS,No
1142,1215-FIGMP,Yes
1143,0270-THENM,Yes
1144,2320-JRSDE,Yes
1145,9250-WYPLL,Yes
1146,9795-SHUHB,No
1147,3557-HTYWR,No
1148,7758-UJWYS,No
1149,9752-ZNQUT,No
1150,4803-AXVYP,Yes
1151,4815-TUMEQ,Yes
1152,4910-GMJOT,Yes
1153,9272-LSVYH,No
1154,2920-RNCEZ,No
1155,1265-HVPZB,No
1156,7515-LODFU,Yes
1157,4759-PXTAN,Yes
1158,0690-SRQID,No
1159,4183-MYFRB,No
1160,9578-VRMNM,No
1161,3174-AKMAS,No
1162,0641-EVBOJ,Yes
1163,5458-CQJTA,No
1164,1355-KUSBG,No
1165,5151-HQRDG,Yes
1166,6345-HOVES,Yes
1167,8413-YNHNV,Yes
1168,2880-FPNAE,Yes
1169,8060-HIWJJ,No
1170,0668-OGMHD,No
1171,4631-OACRM,No
1172,2027-FECZV,Yes
1173,9447-YPTBX,Yes
1174,3050-RLLXC,No
1175,3507-GASNP,Yes
1176,4324-AHJKS,No
1177,5353-WILCI,Yes
1178,3511-APPBJ,Yes
1179,4640-UHDOS,Yes
1180,0744-GKNGE,Yes
1181,5760-IFJOZ,No
1182,4815-YOSUK,No
1183,6839-ITVZJ,Yes
1184,7010-ZMVBF,No
1185,9947-OTFQU,Yes
1186,9824-BEMCV,No
1187,1226-UDFZR,Yes
1188,8642-GVWRF,No
1189,7228-PAQPD,Yes
1190,2882-DDZPG,Yes
1191,5038-ETMLM,Yes
1192,1591-NFNLQ,No
1193,2830-LEWOA,No
1194,2888-ADFAO,No
1195,2101-RANCD,Yes
1196,6242-MBHPK,No
1197,4636-JGAAI,No
1198,7989-VCQOH,No
1199,0811-GSDTP,No
1200,9809-IMGCQ,Yes
1201,6625-UTXEW,Yes
1202,4811-JBUVU,Yes
1203,9770-KXGQU,Yes
1204,0239-OXEXL,No
1205,9300-AGZNL,No
1206,9959-WOFKT,No
1207,5322-ZSMZY,Yes
1208,2674-MLXMN,Yes
1209,8695-ARGXZ,No
1210,5022-KVDQT,Yes
1211,8434-PNQZX,Yes
1212,3045-XETSH,No
1213,7480-QNVZJ,No
1214,1395-WSWXR,Yes
1215,3648-GZPHF,Yes
1216,1493-AMTIE,Yes
1217,8205-VSLRB,Yes
1218,8784-CGILN,Yes
1219,9397-TZSHA,No
1220,8610-WFCJF,No
1221,6595-COKXZ,Yes
1222,3223-WZWJM,No
1223,6212-ATMLK,Yes
1224,2038-YSEZE,No
1225,4480-QQRHC,Yes
1226,9840-DVNDC,Yes
1227,4056-QHXHZ,No
1228,4378-BZYFP,Yes
1229,1942-OQFRW,Yes
1230,6421-SZVEM,Yes
1231,6233-HXJMX,No
1232,9803-FTJCG,Yes
1233,6400-BWQKW,Yes
1234,2359-QWQUL,No
1235,1409-PHXTF,Yes
1236,9402-ROUMJ,No
1237,9167-APMXZ,No
1238,7607-QKKTJ,No
1239,3961-SXAXY,No
1240,8085-MSNLK,Yes
1241,8263-OKETD,No
1242,2055-SIFSS,No
1243,1608-GMEWB,Yes
1244,2111-DWYHN,Yes
1245,9248-OJYKK,No
1246,0732-OCQOC,Yes
1247,5622-UEJFI,Yes
1248,6870-ZWMNX,Yes
1249,1042-HFUCW,Yes
1250,5067-DGXLL,Yes
1251,6510-UPNKS,No
1252,6257-DTAYD,No
1253,0266-GMEAO,Yes
1254,8844-TONUD,No
1255,8220-OCUFY,Yes
1256,1488-SYSFC,No
1257,2851-MMUTZ,Yes
1258,7245-JMTTQ,Yes
1259,0479-HMSWA,No
1260,3097-FQTVJ,No
1261,3096-WPXBT,Yes
1262,1122-JWTJW,Yes
1263,4986-MXSFP,No
1264,6067-NGCEU,Yes
1265,2484-DGXPZ,No
1266,7718-UPSKJ,No
1267,4032-RMHCI,Yes
1268,7188-CBBBA,Yes
1269,2308-STERM,Yes
1270,1025-FALIX,Yes
1271,2919-HBCJO,No
1272,3546-GHEAE,Yes
1273,3780-DDGSE,No
1274,0301-FIDRB,No
1275,8221-EQDGL,No
1276,1837-YQUCE,No
1277,4079-WWQQQ,No
1278,9758-MFWGD,Yes
1279,4057-FKCZK,Yes
1280,2984-TBYKU,No
1281,7964-ZRKKG,No
1282,0282-NVSJS,No
1283,4821-WQOYN,Yes
1284,6339-DKLMK,Yes
1285,3205-MXZRA,Yes
1286,2418-TPEUN,Yes
1287,3649-JPUGY,No
1288,7314-OXENN,Yes
1289,6374-AFWOX,Yes
1290,1925-LFCZZ,Yes
1291,5986-WWXDV,Yes
1292,9415-TPKRV,Yes
1293,7167-PCEYD,Yes
1294,6952-OMNWB,Yes
1295,2348-KCJLT,No
1296,9518-IMLHK,Yes
1297,2868-SNELZ,Yes
1298,2430-RRYUW,Yes
1299,7771-CFQRQ,Yes
1300,3733-ZEECP,Yes
1301,3638-WEABW,Yes
1302,2931-SVLTV,No
1303,7153-CHRBV,Yes
1304,7517-SAWMO,No
1305,6631-HMANX,Yes
1306,1767-CJKBA,Yes
1307,4054-CUMIA,No
1308,1356-MKYSK,Yes
1309,4178-EGMON,Yes
1310,2194-IIQOF,Yes
1311,0345-HKJVM,Yes
1312,4429-WYGFR,Yes
1313,8076-FEZKJ,No
1314,1485-YDHMM,Yes
1315,4488-KQFDT,Yes
1316,4160-AMJTL,No
1317,7550-WIQVA,No
1318,4822-YCXMX,Yes
1319,9450-TRJUU,Yes
1320,8755-OGKNA,No
1321,6728-CZFEI,Yes
1322,7928-VJYAB,No
1323,6979-TNDEU,No
1324,7909-FIOIY,Yes
1325,7743-EXURX,No
1326,7096-UCLNH,No
1327,2603-HVKCG,Yes
1328,3549-ZTMNH,Yes
1329,7124-UGSUR,Yes
1330,3096-GKWEB,Yes
1331,5133-VRSAB,No
1332,3716-UVSPD,No
1333,1552-AAGRX,Yes
1334,4700-UBQMV,No
1335,2863-IMQDR,Yes
1336,2226-ICFDO,No
1337,5373-SFODM,No
1338,3645-DEYGF,No
1339,3739-YBWAB,No
1340,2070-XYMFH,No
1341,4114-QMKVN,No
1342,1459-QNFQT,Yes
1343,4369-NYSCF,Yes
1344,2439-LYPMQ,No
1345,7096-ZNBZI,Yes
1346,1306-RPWXZ,No
1347,2100-BDNSN,Yes
1348,2160-GPFXD,Yes
1349,2480-JZOSN,No
1350,4501-EQDRN,Yes
1351,7143-BQIBA,Yes
1352,3533-UVMOM,No
1353,3902-MIVLE,No
1354,8350-NYMVI,Yes
1355,5150-ITWWB,Yes
1356,0516-UXRMT,No
1357,4029-HPFVY,Yes
1358,0829-XXPLX,Yes
1359,3181-VTHOE,Yes
1360,2750-BJLSB,No
1361,0562-HKHML,No
1362,1053-MXTTK,Yes
1363,2404-JIBFC,Yes
1364,6933-FHBZC,No
1365,1846-XWOQN,Yes
1366,1136-XGEQU,Yes
1367,7248-VZQLC,Yes
1368,5339-TJFEK,Yes
1369,2364-UFROM,Yes
1370,3327-YBAKM,No
1371,0843-WTBXE,No
1372,0128-MKWSG,Yes
1373,8436-BJUMM,Yes
1374,3508-VLHCZ,Yes
1375,6559-PDZLR,Yes
1376,0447-RXSGD,Yes
1377,0107-YHINA,No
1378,6029-CSMJE,Yes
1379,8495-PRWFH,Yes
1380,1907-YLNYW,No
1381,3138-BKYAV,Yes
1382,4323-SADQS,No
1383,7878-RTCZG,Yes
1384,9360-OMDZZ,No
1385,6953-PBDIN,Yes
1386,8808-ELEHO,No
1387,0626-QXNGV,Yes
1388,4925-LMHOK,Yes
1389,0080-EMYVY,Yes
1390,4718-DHSMV,Yes
1391,6630-UJZMY,Yes
1392,6778-YSNIH,No
1393,4102-OQUPX,No
1394,5110-CHOPY,Yes
1395,7102-JJVTX,Yes
1396,7660-HDPJV,No
1397,8207-DMRVL,No
1398,4881-JVQOD,Yes
1399,6202-JVYEU,Yes
1400,1084-MNSMJ,Yes
1401,8019-ENHXU,No
1402,7853-WNZSY,Yes
1403,8626-PTQGE,Yes
1404,5939-XAIXZ,Yes
1405,7569-NMZYQ,Yes
1406,5846-QFDFI,Yes
1407,0415-MOSGF,No
1408,0634-SZPQA,No
